AP1,AP2,AP3,AP4,AP5,AP6,location
-32.27,-48.1,-45.74,-46.67,-39.44,-39.44,0
-29.03,-45.38,-49.1,-49.61,-40.13,-40.13,0
-33.04,-53.43,-52.86,-52.92,-41.78,-37.79,0
-36.49,-51.92,-43.29,-51.91,-38.53,-43.01,0
-35.4,-47.35,-51.14,-50.11,-40.54,-39.61,0
-35.57,-42.13,-47.73,-54.41,-36.27,-42.4,0
-33.14,-53.57,-51.67,-50.65,-36.52,-38.22,0
-34.11,-48.59,-52.12,-53.4,-40.12,-35.57,0
-32.73,-52.98,-46.71,-52.39,-40.77,-36.9,0
-30.67,-44.89,-50.2,-52.16,-37.74,-35.81,0
-35.2,-48.24,-51.01,-54.83,-36.3,-34.67,0
-33.98,-44.68,-46.6,-53.17,-37.65,-34.12,0
-33.87,-42.99,-55.55,-48.77,-38.48,-39.63,0
-33.49,-53.65,-48.35,-50.17,-34.3,-40.29,0
-36.19,-49.19,-44.94,-50.25,-40.33,-37.2,0
-33.47,-44.78,-49.79,-52.22,-39.91,-43.13,0
-32.87,-46.9,-47.67,-51.94,-42.98,-40.0,0
-34.79,-50.09,-48.17,-50.02,-33.08,-38.21,0
-32.99,-47.91,-53.44,-51.32,-38.56,-31.35,0
-34.34,-46.78,-47.79,-54.74,-35.31,-36.48,0
-31.39,-50.42,-43.48,-55.44,-36.98,-32.17,0
-36.73,-49.39,-47.39,-52.75,-43.39,-38.53,0
-36.95,-46.27,-50.45,-46.59,-41.09,-39.7,0
-31.32,-51.38,-47.0,-47.32,-43.56,-38.18,0
-32.98,-45.34,-51.4,-55.2,-37.17,-37.85,0
-33.01,-46.65,-49.73,-50.54,-37.86,-40.88,0
-28.17,-46.27,-51.26,-49.27,-41.66,-36.38,0
-30.29,-50.15,-44.8,-50.0,-36.27,-33.05,0
-34.5,-49.95,-50.36,-53.68,-38.97,-37.71,0
-32.93,-45.21,-47.65,-46.88,-39.53,-30.58,0
-31.89,-50.26,-50.9,-49.79,-39.41,-36.6,0
-32.34,-47.91,-50.23,-55.78,-40.08,-36.17,0
-33.12,-51.42,-47.17,-50.08,-41.39,-38.28,0
-33.59,-51.12,-46.61,-49.55,-35.49,-35.58,0
-37.9,-50.5,-46.14,-49.7,-37.19,-27.18,0
-32.05,-44.28,-44.83,-49.28,-39.68,-36.46,0
-36.08,-48.4,-49.14,-50.99,-31.79,-44.34,0
-31.7,-52.53,-49.1,-47.97,-38.54,-41.97,0
-35.91,-45.65,-49.88,-50.59,-38.6,-40.69,0
-27.33,-45.79,-53.76,-50.68,-40.72,-36.18,0
-36.14,-48.03,-46.17,-48.64,-42.34,-39.74,0
-35.19,-49.65,-42.39,-50.02,-42.52,-35.98,0
-27.4,-44.59,-52.25,-52.69,-34.94,-40.86,0
-32.43,-45.36,-50.47,-51.42,-48.46,-41.81,0
-34.52,-51.43,-42.79,-55.53,-40.06,-38.34,0
-29.44,-51.99,-44.2,-51.21,-41.68,-37.35,0
-33.17,-49.49,-47.48,-52.39,-38.4,-36.75,0
-29.0,-51.4,-41.29,-57.09,-39.19,-36.97,0
-32.92,-49.56,-48.31,-52.72,-40.51,-36.19,0
-32.69,-49.77,-44.99,-50.32,-36.3,-36.85,0
-36.25,-49.37,-45.45,-49.41,-38.8,-38.39,0
-29.93,-49.46,-46.05,-51.84,-39.39,-35.44,0
-31.29,-45.25,-43.77,-51.17,-36.69,-39.67,0
-32.79,-48.08,-47.4,-49.45,-41.19,-32.46,0
-36.78,-51.33,-44.21,-48.86,-36.86,-36.85,0
-33.8,-50.38,-47.46,-53.27,-35.81,-39.18,0
-36.24,-48.65,-46.45,-52.93,-41.2,-38.01,0
-33.03,-49.21,-49.1,-50.54,-43.08,-42.96,0
-35.92,-48.33,-46.75,-46.81,-36.16,-39.22,0
-33.82,-50.69,-47.74,-52.1,-37.77,-41.22,0
-32.2,-43.09,-48.01,-50.03,-36.67,-39.94,0
-33.09,-47.65,-47.39,-53.56,-38.66,-37.24,0
-29.41,-44.81,-41.23,-53.54,-36.12,-38.19,0
-27.19,-50.11,-50.21,-53.04,-45.11,-40.31,0
-36.04,-47.24,-46.66,-45.61,-35.89,-40.47,0
-36.46,-46.21,-51.65,-45.74,-35.2,-40.14,0
-38.9,-43.63,-48.03,-47.52,-43.52,-40.54,0
-33.75,-47.55,-49.04,-49.37,-41.94,-39.16,0
-33.4,-46.14,-45.55,-54.61,-43.34,-34.9,0
-32.77,-49.93,-43.03,-50.89,-35.2,-38.53,0
-27.58,-42.42,-48.43,-48.32,-36.8,-34.63,0
-36.66,-45.63,-44.51,-56.51,-42.29,-44.85,0
-34.57,-45.53,-43.18,-51.01,-33.85,-42.88,0
-38.87,-47.85,-46.53,-51.34,-44.94,-39.0,0
-37.68,-45.68,-46.59,-54.06,-40.28,-41.91,0
-33.95,-44.82,-50.64,-49.72,-40.33,-41.12,0
-34.08,-50.79,-49.35,-54.83,-32.84,-38.63,0
-35.86,-47.05,-48.02,-51.9,-36.89,-36.46,0
-35.35,-49.41,-48.51,-58.14,-43.28,-34.64,0
-28.83,-48.43,-45.96,-50.3,-29.5,-35.38,0
-34.15,-50.55,-52.51,-50.63,-41.01,-43.0,0
-35.7,-50.93,-42.63,-48.59,-38.76,-34.3,0
-33.53,-50.27,-43.12,-49.62,-41.85,-39.31,0
-36.39,-51.84,-44.91,-45.51,-42.93,-37.05,0
-35.71,-49.15,-49.46,-53.83,-38.59,-41.23,0
-32.95,-47.84,-48.4,-53.96,-40.47,-36.47,0
-32.26,-50.62,-47.39,-48.98,-43.75,-37.11,0
-35.75,-45.98,-49.98,-56.65,-43.62,-38.59,0
-32.98,-50.4,-45.77,-56.22,-38.94,-42.37,0
-35.72,-47.54,-50.27,-52.39,-35.72,-40.47,0
-31.26,-51.08,-46.1,-46.91,-46.15,-41.13,0
-32.03,-48.3,-46.57,-53.05,-38.48,-39.2,0
-30.26,-46.92,-46.67,-52.47,-40.2,-40.03,0
-32.58,-48.95,-46.82,-45.01,-36.12,-39.72,0
-30.16,-48.91,-53.8,-54.26,-44.35,-39.79,0
-33.71,-42.66,-46.71,-51.89,-36.25,-45.37,0
-33.06,-45.37,-52.12,-47.81,-37.72,-39.98,0
-31.86,-40.88,-47.14,-50.49,-40.12,-41.29,0
-31.27,-50.26,-47.47,-52.67,-37.3,-37.74,0
-30.65,-49.22,-48.5,-54.17,-40.07,-37.61,0
-40.23,-45.27,-46.53,-45.08,-28.76,-38.29,1
-44.82,-46.23,-54.48,-44.66,-28.04,-44.09,1
-41.66,-45.88,-41.81,-48.76,-29.67,-41.75,1
-41.06,-41.83,-51.51,-47.73,-24.35,-39.89,1
-37.72,-44.03,-52.11,-49.52,-29.83,-40.64,1
-47.58,-37.91,-49.62,-50.42,-33.04,-48.89,1
-40.03,-42.28,-53.01,-53.03,-31.01,-38.92,1
-43.28,-47.01,-49.88,-49.96,-38.09,-44.09,1
-43.19,-40.41,-43.6,-45.76,-30.81,-47.24,1
-34.78,-42.32,-49.1,-49.22,-29.41,-44.36,1
-44.22,-44.14,-49.24,-50.77,-32.14,-43.61,1
-43.26,-37.99,-57.1,-45.87,-26.26,-50.14,1
-43.53,-43.61,-53.37,-51.48,-33.33,-38.67,1
-39.69,-38.69,-46.98,-52.53,-31.57,-42.46,1
-46.17,-40.36,-49.86,-50.27,-27.87,-42.59,1
-43.58,-39.02,-52.39,-47.3,-28.22,-44.85,1
-41.52,-46.25,-46.37,-49.7,-31.57,-40.78,1
-44.61,-46.73,-53.81,-47.33,-33.84,-38.66,1
-48.75,-37.41,-48.51,-49.43,-31.63,-42.73,1
-42.61,-39.19,-48.8,-48.69,-31.09,-44.1,1
-41.58,-47.63,-53.19,-46.91,-29.49,-44.48,1
-42.44,-41.46,-50.76,-51.48,-29.41,-46.86,1
-41.28,-47.61,-46.06,-47.73,-29.23,-40.98,1
-37.5,-39.46,-54.67,-52.98,-31.87,-43.85,1
-40.95,-44.68,-48.58,-51.41,-31.83,-48.14,1
-45.27,-46.56,-52.07,-45.98,-32.85,-36.03,1
-41.02,-41.95,-51.72,-47.04,-31.73,-43.56,1
-34.82,-42.79,-45.7,-51.25,-30.1,-38.61,1
-44.38,-37.06,-47.02,-50.83,-28.1,-41.01,1
-40.63,-47.21,-51.32,-49.89,-30.22,-42.06,1
-41.97,-46.51,-48.0,-47.31,-28.32,-40.68,1
-40.0,-41.12,-49.35,-54.13,-28.71,-43.3,1
-41.69,-46.33,-52.39,-45.98,-30.12,-41.88,1
-42.42,-42.41,-46.33,-50.69,-29.71,-45.31,1
-43.8,-43.43,-48.48,-50.58,-26.23,-46.61,1
-43.06,-43.82,-44.8,-48.55,-26.9,-48.38,1
-41.7,-39.83,-48.9,-45.95,-31.55,-39.7,1
-35.6,-43.59,-50.48,-44.78,-25.26,-45.49,1
-43.76,-43.35,-53.18,-51.9,-33.01,-46.23,1
-42.6,-41.8,-44.49,-52.14,-27.05,-44.57,1
-42.65,-40.48,-52.51,-48.0,-29.5,-42.45,1
-41.63,-35.13,-51.06,-50.74,-31.87,-45.59,1
-44.41,-38.93,-44.88,-50.86,-32.5,-42.51,1
-44.16,-40.6,-48.53,-53.69,-25.36,-38.54,1
-44.34,-43.66,-48.29,-48.14,-28.02,-37.89,1
-43.03,-44.89,-53.28,-51.34,-30.1,-38.54,1
-44.05,-41.83,-49.19,-45.58,-22.42,-45.52,1
-43.97,-39.37,-47.1,-43.6,-28.25,-45.0,1
-40.73,-39.17,-46.68,-47.62,-26.8,-40.42,1
-38.35,-40.55,-49.64,-48.7,-26.38,-46.38,1
-41.39,-43.68,-49.06,-45.31,-29.43,-43.78,1
-46.58,-40.26,-47.21,-42.65,-30.92,-43.27,1
-41.75,-37.77,-49.43,-48.31,-28.18,-43.36,1
-43.84,-41.92,-45.92,-52.22,-29.6,-46.02,1
-38.91,-47.07,-50.82,-48.01,-25.3,-44.12,1
-44.17,-36.86,-53.49,-55.74,-28.68,-45.43,1
-45.56,-40.37,-48.41,-50.84,-33.84,-41.31,1
-40.55,-42.8,-43.6,-52.35,-34.58,-46.0,1
-42.64,-41.77,-49.87,-48.09,-33.75,-39.59,1
-42.75,-39.15,-48.12,-47.77,-28.29,-42.58,1
-40.57,-38.51,-48.55,-47.02,-30.27,-39.6,1
-44.53,-37.1,-49.26,-53.44,-29.62,-45.97,1
-39.98,-44.46,-50.48,-54.81,-31.36,-51.2,1
-47.25,-40.22,-46.79,-47.87,-32.9,-44.07,1
-42.51,-45.98,-44.63,-46.51,-30.66,-43.84,1
-41.87,-48.63,-49.89,-51.19,-33.0,-44.77,1
-37.11,-40.58,-50.86,-47.43,-25.8,-41.15,1
-42.32,-44.44,-47.05,-47.96,-27.31,-42.02,1
-39.35,-44.11,-45.19,-48.55,-23.77,-45.99,1
-37.29,-41.91,-51.1,-50.6,-30.96,-42.65,1
-40.93,-44.22,-49.22,-42.72,-24.82,-42.62,1
-42.39,-42.14,-47.3,-52.21,-30.77,-48.93,1
-41.3,-40.56,-50.59,-44.42,-33.68,-48.32,1
-41.83,-39.36,-44.09,-50.52,-26.76,-44.04,1
-43.02,-39.85,-47.19,-53.87,-25.57,-39.78,1
-44.38,-41.31,-47.66,-48.36,-31.65,-45.94,1
-42.58,-38.98,-47.51,-50.26,-27.68,-52.47,1
-39.05,-47.72,-50.23,-52.5,-33.88,-40.44,1
-43.9,-41.46,-49.28,-47.71,-29.77,-47.77,1
-39.51,-43.98,-53.81,-50.43,-25.5,-41.37,1
-43.55,-43.55,-50.11,-42.91,-28.85,-42.63,1
-39.41,-41.78,-49.92,-49.73,-30.21,-44.04,1
-40.32,-42.34,-46.95,-49.39,-29.76,-49.92,1
-39.75,-41.46,-46.15,-57.83,-23.73,-44.34,1
-39.18,-45.62,-47.31,-52.3,-31.87,-38.18,1
-43.07,-41.85,-46.53,-47.66,-29.55,-42.83,1
-35.29,-42.67,-48.54,-45.99,-26.68,-40.36,1
-40.58,-45.93,-44.24,-52.58,-29.09,-46.19,1
-42.69,-41.51,-48.18,-47.88,-25.16,-42.56,1
-43.23,-39.61,-45.58,-52.83,-28.21,-41.82,1
-43.39,-38.37,-49.59,-48.77,-30.52,-43.88,1
-45.79,-46.82,-44.36,-51.68,-32.97,-50.38,1
-44.42,-46.47,-44.22,-46.11,-32.06,-37.17,1
-39.55,-43.47,-56.64,-42.27,-34.17,-48.86,1
-39.43,-35.18,-44.99,-47.45,-28.22,-41.36,1
-40.22,-41.66,-48.83,-49.33,-32.26,-44.77,1
-47.58,-42.8,-52.11,-52.45,-29.46,-39.75,1
-39.75,-47.21,-52.11,-46.32,-32.95,-44.6,1
-40.85,-45.41,-48.83,-53.15,-31.8,-42.96,1
-47.28,-41.18,-49.2,-47.49,-29.33,-39.83,1
-47.31,-35.05,-50.87,-46.06,-38.59,-48.16,2
-49.79,-35.75,-55.44,-42.44,-42.47,-50.36,2
-49.84,-31.08,-52.12,-43.94,-40.76,-47.44,2
-50.19,-27.33,-54.8,-46.76,-36.84,-47.04,2
-48.24,-34.15,-51.11,-48.13,-35.85,-41.65,2
-49.36,-37.87,-51.5,-39.95,-41.15,-43.36,2
-42.65,-35.42,-49.53,-42.8,-39.87,-48.89,2
-49.43,-36.81,-53.18,-51.36,-38.63,-50.59,2
-46.99,-38.43,-50.24,-45.19,-44.72,-47.16,2
-44.0,-37.39,-46.22,-46.43,-40.85,-48.45,2
-46.01,-33.53,-49.62,-50.45,-38.23,-52.52,2
-48.02,-36.47,-53.44,-43.98,-35.46,-46.45,2
-50.96,-34.71,-47.6,-47.26,-31.78,-47.1,2
-47.11,-34.69,-50.84,-48.14,-36.61,-45.41,2
-50.05,-37.76,-56.75,-46.16,-42.05,-54.74,2
-46.52,-26.28,-51.26,-45.17,-38.49,-48.58,2
-44.93,-34.63,-50.43,-46.72,-40.74,-45.3,2
-48.21,-36.03,-49.63,-50.38,-38.65,-48.31,2
-44.43,-32.34,-51.31,-45.23,-34.57,-46.61,2
-47.66,-37.7,-54.43,-48.6,-40.57,-48.84,2
-47.52,-32.17,-51.45,-46.23,-38.54,-54.21,2
-50.51,-34.2,-54.87,-45.89,-34.14,-44.62,2
-48.33,-29.29,-50.79,-48.7,-40.58,-49.19,2
-48.85,-33.25,-50.76,-47.68,-37.43,-44.71,2
-44.84,-38.22,-58.9,-44.88,-42.84,-48.95,2
-51.2,-39.17,-49.61,-45.41,-40.47,-56.05,2
-49.33,-32.59,-55.67,-47.14,-38.78,-46.54,2
-47.33,-36.68,-47.65,-48.16,-38.82,-51.08,2
-49.02,-36.42,-51.76,-42.55,-42.85,-53.12,2
-43.27,-34.39,-53.24,-44.57,-40.55,-42.8,2
-45.65,-35.23,-44.77,-49.5,-36.51,-47.38,2
-43.78,-29.08,-51.14,-49.95,-37.36,-50.31,2
-41.65,-33.35,-52.33,-47.13,-42.78,-51.19,2
-44.09,-35.73,-54.38,-46.08,-35.18,-46.12,2
-44.7,-36.03,-55.5,-43.18,-39.71,-49.03,2
-43.7,-32.09,-49.87,-41.19,-40.67,-45.5,2
-47.52,-32.96,-46.65,-46.16,-37.12,-45.06,2
-48.78,-36.28,-54.37,-53.59,-32.57,-51.59,2
-48.35,-34.59,-50.31,-45.24,-36.16,-50.03,2
-48.19,-32.92,-51.98,-42.87,-37.26,-46.08,2
-45.7,-30.24,-50.69,-51.58,-37.54,-50.23,2
-49.27,-32.0,-47.52,-47.62,-37.81,-43.17,2
-46.96,-25.96,-49.54,-52.97,-36.48,-47.14,2
-43.82,-31.74,-51.65,-51.36,-39.36,-50.83,2
-49.43,-32.0,-46.23,-46.5,-42.32,-46.95,2
-44.1,-35.59,-51.64,-47.64,-41.09,-46.34,2
-48.05,-32.5,-53.9,-49.0,-36.57,-49.4,2
-42.51,-34.96,-50.56,-44.89,-42.99,-53.56,2
-52.26,-29.98,-52.89,-40.01,-40.43,-47.73,2
-43.06,-27.74,-45.05,-44.06,-35.66,-46.5,2
-45.35,-35.42,-53.69,-47.7,-39.25,-49.64,2
-45.6,-30.9,-50.97,-43.25,-42.16,-48.86,2
-49.84,-39.36,-51.49,-48.05,-34.2,-46.39,2
-50.76,-28.2,-47.57,-45.94,-39.42,-51.16,2
-48.8,-30.5,-45.58,-43.06,-40.2,-51.64,2
-47.26,-39.07,-50.27,-48.13,-40.14,-53.06,2
-46.15,-35.36,-54.75,-56.3,-38.82,-42.96,2
-42.7,-35.13,-53.04,-46.28,-41.73,-47.37,2
-45.39,-30.08,-51.54,-48.3,-41.37,-50.76,2
-48.37,-32.66,-48.5,-50.1,-34.26,-49.09,2
-47.75,-36.0,-58.51,-45.04,-36.53,-49.12,2
-47.49,-32.22,-55.92,-49.27,-36.35,-52.04,2
-46.81,-37.83,-49.84,-47.79,-43.58,-44.79,2
-49.89,-36.19,-50.64,-44.24,-41.78,-48.09,2
-46.4,-31.68,-50.71,-48.79,-41.22,-48.02,2
-50.9,-42.53,-49.93,-44.98,-45.83,-51.31,2
-45.83,-27.59,-51.17,-49.87,-39.29,-44.16,2
-49.63,-36.16,-52.69,-50.55,-38.37,-43.41,2
-46.72,-34.52,-52.11,-52.38,-36.09,-48.51,2
-48.23,-24.18,-50.34,-49.94,-40.02,-44.83,2
-47.35,-38.08,-48.48,-49.69,-33.12,-45.04,2
-49.03,-29.92,-51.03,-45.13,-37.28,-50.82,2
-49.62,-30.67,-52.24,-48.9,-41.6,-47.01,2
-41.5,-36.97,-51.16,-43.45,-38.98,-46.92,2
-50.87,-32.48,-51.8,-44.73,-35.17,-40.51,2
-45.95,-32.79,-50.65,-48.75,-37.72,-49.17,2
-47.18,-29.81,-54.26,-44.27,-34.79,-48.63,2
-54.05,-35.59,-47.35,-47.76,-41.74,-49.79,2
-45.17,-32.12,-51.95,-48.79,-39.91,-51.05,2
-42.84,-34.73,-47.59,-43.12,-35.74,-49.57,2
-46.48,-33.84,-53.95,-46.71,-42.27,-44.72,2
-49.08,-33.16,-50.39,-48.46,-36.98,-49.7,2
-45.07,-37.8,-50.86,-41.87,-41.74,-50.31,2
-46.15,-33.22,-50.19,-46.22,-36.83,-44.95,2
-46.46,-34.49,-49.22,-41.99,-39.14,-51.2,2
-44.37,-34.12,-57.76,-45.14,-40.34,-48.55,2
-46.69,-33.19,-49.11,-48.99,-37.2,-49.06,2
-45.47,-31.92,-54.04,-44.43,-40.35,-45.86,2
-46.59,-28.25,-51.91,-48.74,-38.8,-49.19,2
-45.29,-38.61,-54.4,-50.89,-35.89,-43.15,2
-48.0,-34.27,-51.03,-44.2,-41.52,-47.56,2
-44.76,-32.26,-50.67,-44.68,-46.85,-46.25,2
-49.65,-39.25,-49.7,-43.57,-39.15,-45.42,2
-42.85,-29.82,-46.32,-45.46,-38.51,-53.09,2
-48.43,-36.29,-44.72,-48.21,-38.37,-46.63,2
-47.56,-28.68,-53.11,-47.1,-40.96,-52.24,2
-49.52,-33.87,-52.53,-49.76,-42.96,-48.53,2
-52.2,-31.48,-50.99,-52.06,-39.66,-50.54,2
-46.73,-29.74,-56.86,-47.34,-39.22,-46.27,2
-47.05,-36.02,-52.19,-50.08,-35.51,-48.22,2
-36.8,-49.33,-44.63,-53.68,-49.33,-34.75,3
-41.7,-47.62,-47.24,-46.46,-45.37,-29.56,3
-37.66,-46.45,-43.31,-51.82,-50.38,-32.16,3
-43.13,-52.11,-42.89,-48.91,-44.6,-31.95,3
-41.99,-47.82,-45.77,-44.91,-44.22,-29.94,3
-40.38,-48.44,-39.64,-48.28,-45.76,-28.92,3
-45.93,-48.82,-42.6,-49.77,-44.31,-35.65,3
-44.15,-48.86,-42.02,-52.23,-40.13,-32.6,3
-39.59,-47.86,-44.44,-43.82,-47.51,-27.24,3
-39.5,-51.16,-38.32,-49.89,-43.06,-29.22,3
-42.9,-46.71,-40.12,-54.39,-40.01,-34.99,3
-39.4,-45.76,-45.77,-50.38,-47.24,-30.64,3
-43.42,-46.8,-38.57,-44.96,-45.61,-30.63,3
-47.55,-51.56,-39.61,-44.3,-47.63,-31.78,3
-42.58,-48.3,-44.93,-47.87,-45.35,-30.04,3
-40.86,-49.12,-43.81,-49.47,-44.19,-31.11,3
-43.28,-44.35,-40.82,-50.03,-41.83,-31.0,3
-38.98,-48.03,-42.82,-47.8,-48.64,-33.38,3
-46.08,-48.71,-37.3,-42.45,-42.01,-28.5,3
-47.9,-50.77,-44.86,-51.01,-44.43,-31.42,3
-48.44,-46.9,-45.72,-48.43,-37.7,-32.76,3
-50.09,-50.0,-39.2,-43.27,-47.61,-28.51,3
-43.9,-49.46,-34.57,-53.65,-43.16,-28.6,3
-39.24,-48.85,-41.58,-50.32,-43.12,-31.03,3
-40.64,-50.25,-41.37,-49.23,-40.55,-30.15,3
-47.82,-45.36,-45.22,-51.1,-45.71,-25.88,3
-48.91,-39.73,-39.33,-48.47,-44.09,-29.14,3
-40.94,-47.21,-40.83,-48.87,-44.52,-30.45,3
-43.08,-45.74,-40.72,-57.96,-41.96,-29.42,3
-42.56,-50.31,-39.13,-46.3,-46.24,-28.78,3
-45.41,-53.28,-44.38,-46.56,-41.06,-28.46,3
-40.32,-47.59,-44.42,-47.85,-41.52,-27.74,3
-38.93,-47.02,-41.45,-45.93,-44.0,-32.65,3
-42.99,-51.38,-44.53,-49.58,-46.3,-30.92,3
-48.18,-48.5,-42.5,-51.59,-41.95,-27.19,3
-47.32,-51.43,-44.81,-51.96,-41.44,-30.58,3
-43.29,-55.16,-40.59,-52.86,-43.74,-29.17,3
-38.42,-53.07,-51.56,-48.59,-38.52,-26.28,3
-41.87,-50.62,-40.08,-52.06,-42.5,-28.48,3
-39.32,-40.86,-41.32,-50.67,-44.0,-35.31,3
-44.58,-50.37,-44.07,-48.69,-46.39,-26.64,3
-42.5,-49.17,-43.48,-48.68,-41.45,-32.6,3
-44.47,-50.05,-46.54,-51.6,-45.35,-27.38,3
-41.71,-48.56,-39.95,-49.56,-42.75,-30.31,3
-41.7,-50.89,-49.82,-49.55,-39.66,-27.22,3
-39.6,-45.44,-42.23,-48.55,-45.78,-30.95,3
-40.65,-45.53,-42.92,-50.49,-43.92,-28.2,3
-46.83,-56.03,-44.15,-52.81,-45.45,-30.44,3
-43.86,-44.79,-41.52,-48.24,-42.06,-33.42,3
-39.38,-49.37,-40.49,-52.36,-48.59,-27.55,3
-41.37,-51.85,-45.11,-45.77,-47.49,-25.07,3
-45.2,-47.23,-43.49,-47.33,-45.56,-30.49,3
-42.38,-52.15,-40.28,-50.68,-44.61,-32.98,3
-50.19,-49.72,-35.26,-46.79,-43.98,-30.79,3
-42.43,-47.5,-46.04,-45.8,-41.78,-27.85,3
-41.18,-49.08,-40.48,-47.37,-44.99,-31.72,3
-42.19,-44.5,-46.22,-53.55,-43.43,-29.85,3
-41.98,-48.41,-43.17,-44.67,-48.73,-32.49,3
-42.81,-54.07,-43.03,-44.16,-43.86,-29.31,3
-46.28,-50.99,-43.63,-50.1,-40.08,-28.33,3
-45.83,-48.4,-41.01,-45.72,-39.18,-33.05,3
-44.93,-52.92,-43.2,-47.74,-40.96,-30.23,3
-43.46,-48.69,-45.01,-42.87,-48.75,-29.45,3
-36.43,-49.12,-43.07,-50.22,-44.47,-25.88,3
-49.14,-44.54,-46.77,-49.94,-45.21,-28.23,3
-47.29,-47.76,-36.43,-53.23,-43.36,-31.99,3
-41.22,-49.09,-44.42,-47.68,-38.51,-30.57,3
-40.34,-53.02,-45.37,-47.73,-39.47,-28.93,3
-43.44,-49.15,-46.25,-47.33,-41.28,-31.36,3
-43.91,-48.35,-43.81,-49.34,-37.63,-30.74,3
-43.58,-51.09,-40.27,-49.69,-45.87,-26.04,3
-38.24,-50.94,-48.1,-46.12,-45.98,-27.63,3
-48.41,-46.47,-46.13,-46.95,-43.88,-32.86,3
-43.72,-47.08,-42.18,-47.39,-37.99,-34.69,3
-37.65,-48.83,-45.2,-53.13,-44.49,-27.24,3
-42.88,-44.61,-46.85,-49.18,-47.68,-28.91,3
-39.84,-50.41,-50.31,-48.55,-42.61,-28.79,3
-38.79,-52.36,-40.46,-45.57,-49.26,-29.04,3
-44.01,-49.39,-41.46,-50.61,-45.95,-29.9,3
-45.76,-52.4,-40.46,-52.59,-41.93,-28.61,3
-47.68,-51.18,-38.92,-52.09,-45.32,-28.61,3
-40.15,-49.9,-44.29,-44.88,-38.71,-27.06,3
-42.24,-51.57,-44.99,-47.58,-42.67,-25.8,3
-40.55,-53.65,-39.34,-52.14,-45.08,-29.25,3
-36.51,-39.81,-40.68,-49.69,-42.32,-27.34,3
-43.46,-43.76,-41.81,-47.65,-41.93,-28.74,3
-39.98,-51.0,-44.17,-52.44,-42.61,-27.66,3
-41.13,-44.12,-42.52,-47.14,-47.2,-31.16,3
-40.41,-46.6,-43.38,-49.36,-48.48,-31.07,3
-39.83,-47.42,-41.0,-48.99,-43.9,-31.98,3
-40.4,-47.88,-41.02,-50.72,-50.38,-26.71,3
-43.94,-51.73,-40.42,-50.32,-40.74,-28.15,3
-40.45,-53.24,-38.86,-48.36,-45.03,-29.57,3
-47.83,-47.92,-45.59,-53.2,-48.49,-26.66,3
-44.39,-44.54,-44.11,-54.27,-47.27,-26.29,3
-42.97,-50.79,-42.02,-47.64,-40.57,-25.65,3
-43.58,-53.12,-43.74,-48.36,-46.82,-32.87,3
-41.47,-49.29,-42.4,-51.42,-44.62,-32.77,3
-39.83,-46.04,-48.04,-51.93,-48.41,-31.95,3
-42.75,-53.49,-45.27,-52.16,-43.3,-29.79,3
-47.86,-45.16,-47.33,-46.51,-36.91,-37.91,4
-49.59,-43.2,-43.26,-49.14,-39.47,-37.31,4
-49.06,-48.44,-42.64,-44.88,-40.27,-40.91,4
-44.52,-49.67,-42.55,-42.18,-42.62,-42.06,4
-50.28,-44.15,-43.97,-45.88,-38.55,-42.93,4
-44.0,-48.75,-45.76,-46.21,-41.25,-43.04,4
-46.09,-43.21,-47.0,-50.51,-36.68,-37.78,4
-49.57,-43.62,-47.2,-44.9,-41.05,-42.63,4
-48.04,-47.76,-48.44,-48.19,-42.13,-44.08,4
-43.64,-41.23,-47.43,-44.97,-40.43,-40.51,4
-45.46,-43.46,-44.24,-49.4,-39.32,-39.27,4
-47.98,-45.58,-43.64,-46.32,-38.71,-34.84,4
-48.05,-49.83,-44.78,-43.53,-42.62,-37.57,4
-49.71,-43.61,-47.51,-40.53,-35.95,-44.23,4
-47.34,-43.11,-46.85,-45.83,-41.85,-47.69,4
-45.73,-47.76,-47.17,-41.36,-45.7,-39.49,4
-46.53,-46.53,-43.32,-44.67,-40.22,-39.02,4
-46.68,-47.53,-48.95,-48.17,-33.08,-38.19,4
-49.74,-49.66,-44.25,-44.05,-40.28,-42.69,4
-46.07,-44.71,-45.43,-52.35,-42.62,-44.48,4
-45.17,-36.74,-44.59,-46.63,-39.16,-40.48,4
-44.43,-43.87,-39.52,-49.08,-40.51,-44.71,4
-44.02,-48.45,-46.94,-46.58,-39.0,-39.17,4
-49.43,-45.53,-47.82,-49.47,-42.58,-42.85,4
-38.41,-44.39,-49.82,-47.39,-38.86,-35.66,4
-50.45,-51.33,-40.08,-44.52,-44.53,-40.32,4
-53.6,-45.68,-44.71,-42.92,-44.97,-41.67,4
-48.47,-44.92,-48.38,-46.92,-44.92,-39.97,4
-43.12,-46.39,-45.58,-50.04,-42.83,-42.08,4
-37.83,-49.03,-41.3,-42.7,-41.09,-36.65,4
-44.57,-44.52,-45.85,-42.02,-38.64,-43.81,4
-49.65,-46.3,-48.09,-45.88,-38.22,-43.3,4
-45.82,-45.52,-43.15,-52.43,-43.75,-41.29,4
-42.09,-47.17,-51.32,-43.83,-43.83,-45.5,4
-47.56,-46.24,-47.51,-52.31,-39.24,-38.1,4
-43.74,-49.1,-46.3,-45.71,-40.13,-39.92,4
-47.89,-45.44,-44.32,-41.32,-39.81,-39.56,4
-45.44,-41.46,-44.46,-48.27,-37.72,-39.83,4
-47.02,-47.13,-44.8,-44.3,-41.34,-40.99,4
-40.59,-42.48,-45.12,-42.87,-45.03,-40.73,4
-40.26,-46.35,-48.23,-47.65,-45.2,-44.28,4
-46.8,-49.91,-45.64,-42.98,-44.65,-37.37,4
-44.16,-42.6,-47.66,-43.13,-45.2,-39.26,4
-45.18,-44.03,-49.22,-48.38,-40.14,-44.77,4
-44.3,-49.79,-43.15,-49.39,-40.27,-40.05,4
-47.78,-43.94,-44.91,-47.31,-44.95,-47.82,4
-44.64,-50.39,-45.4,-46.48,-39.89,-42.83,4
-46.68,-43.5,-44.69,-44.74,-40.52,-46.53,4
-43.42,-43.85,-48.74,-46.42,-42.05,-42.33,4
-44.69,-41.4,-42.45,-49.63,-40.06,-37.94,4
-44.53,-42.42,-39.65,-42.62,-41.18,-38.79,4
-45.26,-45.62,-46.75,-41.0,-44.38,-37.33,4
-44.19,-49.89,-44.59,-51.99,-40.05,-39.27,4
-47.47,-45.32,-39.83,-47.21,-45.1,-37.48,4
-39.8,-45.68,-42.66,-41.67,-44.16,-43.38,4
-42.0,-40.64,-44.0,-48.33,-35.97,-43.52,4
-46.7,-44.66,-41.03,-43.13,-40.68,-40.54,4
-45.56,-44.02,-53.28,-46.58,-41.2,-45.38,4
-44.53,-46.3,-40.42,-40.97,-43.33,-42.38,4
-45.91,-47.05,-45.11,-47.97,-45.32,-40.06,4
-43.8,-48.1,-43.0,-47.59,-41.17,-39.47,4
-45.79,-44.33,-47.24,-46.28,-42.55,-44.17,4
-46.22,-50.34,-47.16,-46.55,-42.7,-42.65,4
-45.88,-44.25,-43.07,-47.64,-45.54,-45.05,4
-47.15,-46.75,-48.0,-49.58,-43.3,-41.38,4
-43.91,-47.36,-46.93,-48.47,-42.02,-44.47,4
-43.97,-51.05,-46.77,-44.79,-41.38,-33.85,4
-44.64,-48.7,-45.98,-51.02,-42.17,-44.43,4
-42.94,-47.34,-46.04,-47.6,-36.71,-42.89,4
-40.19,-43.25,-44.24,-44.58,-40.75,-47.71,4
-46.53,-43.16,-45.84,-49.91,-42.09,-36.82,4
-41.95,-45.88,-42.84,-46.79,-47.04,-44.7,4
-41.0,-46.51,-46.42,-46.59,-36.22,-37.05,4
-39.03,-46.17,-44.8,-50.24,-37.5,-45.43,4
-45.04,-48.98,-47.46,-48.2,-43.75,-43.55,4
-47.34,-43.19,-49.01,-45.03,-38.27,-43.47,4
-47.84,-46.38,-42.15,-45.11,-43.52,-40.48,4
-49.0,-43.65,-44.47,-46.61,-44.44,-44.59,4
-44.09,-42.0,-47.6,-44.32,-48.19,-43.68,4
-45.78,-48.42,-48.5,-47.69,-41.05,-42.49,4
-52.41,-52.05,-47.51,-44.32,-50.17,-43.43,4
-47.27,-41.53,-46.85,-44.54,-41.5,-48.32,4
-43.39,-45.04,-44.17,-33.91,-48.18,-36.75,4
-46.55,-44.83,-45.83,-46.96,-43.64,-40.94,4
-50.24,-43.44,-46.94,-49.08,-43.28,-38.16,4
-47.3,-44.62,-47.88,-43.42,-39.87,-36.38,4
-46.22,-43.68,-45.4,-41.8,-44.08,-39.69,4
-46.27,-45.88,-45.42,-44.93,-42.28,-41.28,4
-40.96,-42.73,-43.08,-47.06,-44.6,-39.06,4
-43.06,-41.27,-47.5,-46.38,-46.85,-43.11,4
-42.7,-47.09,-43.77,-46.26,-40.96,-45.37,4
-45.44,-54.66,-46.25,-50.58,-38.31,-39.6,4
-44.29,-41.13,-48.54,-40.45,-39.13,-42.64,4
-42.28,-49.01,-48.16,-47.52,-43.51,-45.1,4
-42.02,-46.47,-44.63,-47.4,-47.39,-41.12,4
-51.43,-45.9,-49.8,-39.73,-39.19,-41.61,4
-41.9,-48.23,-44.06,-45.09,-41.14,-38.11,4
-43.49,-44.82,-50.66,-48.57,-42.3,-41.65,4
-49.08,-38.46,-41.14,-43.88,-41.71,-42.56,4
-48.55,-45.46,-44.92,-49.42,-40.93,-42.39,4
-54.87,-45.08,-50.38,-36.84,-42.25,-51.48,5
-47.69,-47.14,-45.9,-43.91,-44.21,-43.5,5
-53.0,-46.69,-50.89,-39.38,-48.48,-55.97,5
-50.5,-40.84,-45.54,-43.89,-45.16,-44.01,5
-54.75,-43.67,-48.57,-41.15,-45.45,-47.37,5
-56.61,-44.47,-47.78,-45.45,-43.75,-46.13,5
-50.17,-41.99,-52.03,-43.12,-42.09,-47.0,5
-50.9,-41.83,-47.0,-48.65,-40.45,-48.48,5
-47.87,-38.91,-53.26,-44.63,-44.79,-49.83,5
-43.94,-45.07,-50.81,-41.89,-47.53,-48.66,5
-48.19,-43.5,-49.42,-44.09,-48.47,-46.51,5
-43.88,-42.44,-48.47,-40.42,-47.73,-42.37,5
-48.54,-37.6,-51.34,-37.05,-41.6,-45.82,5
-48.44,-43.25,-45.54,-42.08,-49.83,-50.83,5
-49.7,-41.57,-49.31,-38.84,-49.78,-47.04,5
-54.6,-40.22,-49.43,-41.24,-46.52,-43.64,5
-46.02,-40.75,-49.53,-40.76,-46.04,-44.91,5
-44.2,-39.29,-51.33,-41.42,-47.8,-45.76,5
-47.79,-48.11,-52.63,-43.35,-44.83,-51.1,5
-47.98,-41.75,-49.73,-44.77,-40.78,-42.51,5
-50.59,-44.34,-47.67,-43.57,-44.34,-45.26,5
-54.87,-38.55,-48.93,-43.73,-44.19,-47.59,5
-54.34,-38.02,-49.02,-41.17,-41.07,-50.54,5
-47.72,-43.3,-46.6,-48.88,-44.22,-49.28,5
-47.85,-41.09,-51.27,-44.64,-44.26,-50.16,5
-46.62,-43.61,-57.86,-43.62,-47.04,-52.37,5
-52.86,-42.17,-45.16,-41.56,-45.74,-46.11,5
-50.52,-44.58,-52.61,-47.76,-45.09,-47.0,5
-49.43,-43.75,-51.98,-40.68,-47.88,-45.15,5
-52.15,-44.76,-53.54,-44.0,-41.0,-45.93,5
-46.21,-40.93,-52.45,-43.49,-46.26,-43.48,5
-52.73,-39.82,-46.46,-37.01,-45.15,-45.34,5
-42.3,-44.35,-53.75,-48.14,-41.79,-53.12,5
-50.26,-41.19,-48.59,-41.22,-43.26,-43.64,5
-52.0,-44.53,-51.46,-40.01,-41.22,-46.12,5
-45.59,-46.03,-44.14,-37.93,-41.72,-42.13,5
-54.11,-44.07,-51.35,-40.34,-47.07,-45.2,5
-45.03,-40.41,-48.29,-45.46,-46.46,-43.73,5
-46.81,-42.62,-50.4,-48.58,-47.14,-41.74,5
-52.98,-41.93,-46.12,-46.26,-43.37,-44.66,5
-49.11,-33.89,-54.15,-39.32,-44.44,-45.16,5
-47.82,-44.7,-48.46,-48.07,-42.11,-46.58,5
-47.23,-39.33,-48.04,-42.06,-46.57,-49.61,5
-45.58,-38.19,-49.86,-42.36,-46.64,-43.96,5
-47.15,-36.68,-51.78,-43.63,-43.23,-45.53,5
-49.79,-45.12,-46.5,-40.34,-46.67,-43.41,5
-45.63,-42.1,-48.9,-40.84,-46.51,-47.38,5
-55.6,-39.87,-53.83,-37.99,-44.91,-48.11,5
-51.03,-43.36,-44.89,-49.96,-40.09,-46.46,5
-52.76,-45.73,-44.11,-45.34,-47.38,-44.06,5
-48.13,-45.31,-48.49,-45.58,-40.62,-44.29,5
-47.55,-41.42,-43.86,-42.5,-47.47,-46.13,5
-42.89,-45.54,-50.23,-41.25,-44.09,-50.42,5
-45.78,-35.54,-48.56,-45.21,-48.57,-46.7,5
-45.83,-41.07,-49.15,-44.27,-47.2,-44.97,5
-46.4,-47.14,-44.37,-40.78,-39.73,-51.5,5
-53.24,-42.95,-47.64,-37.11,-41.81,-48.2,5
-52.22,-38.81,-52.04,-37.61,-44.78,-42.7,5
-47.11,-42.91,-50.7,-43.52,-42.64,-47.24,5
-50.92,-43.0,-48.91,-48.89,-42.55,-50.41,5
-52.6,-47.56,-54.53,-46.57,-46.05,-41.61,5
-50.72,-41.97,-47.94,-42.11,-44.16,-51.06,5
-44.79,-37.08,-54.19,-45.57,-44.76,-50.37,5
-47.63,-44.68,-42.65,-38.93,-43.29,-44.39,5
-45.83,-44.19,-51.59,-42.27,-41.34,-47.06,5
-53.87,-44.91,-49.37,-42.73,-38.01,-51.63,5
-47.63,-38.03,-42.33,-43.71,-42.45,-45.76,5
-48.56,-42.8,-47.84,-50.1,-41.88,-47.1,5
-49.81,-36.36,-51.17,-43.71,-37.95,-49.97,5
-50.79,-42.94,-46.62,-41.88,-47.8,-49.07,5
-50.97,-42.73,-47.87,-41.25,-49.25,-44.28,5
-48.39,-38.35,-47.81,-39.2,-42.52,-43.44,5
-47.58,-42.79,-42.33,-39.83,-42.2,-51.3,5
-53.01,-41.62,-48.71,-44.34,-43.5,-42.71,5
-47.06,-45.92,-49.48,-44.91,-45.09,-48.72,5
-50.58,-46.27,-49.53,-44.18,-52.71,-41.32,5
-45.88,-43.63,-49.09,-46.01,-38.84,-41.78,5
-48.67,-39.43,-48.62,-46.51,-45.16,-47.08,5
-50.51,-43.16,-49.42,-42.74,-43.77,-50.66,5
-51.29,-46.35,-46.21,-48.82,-40.46,-43.32,5
-50.05,-50.31,-50.23,-42.69,-46.96,-49.02,5
-44.55,-40.51,-51.92,-47.29,-44.91,-48.11,5
-47.65,-44.11,-47.61,-36.69,-41.48,-47.62,5
-49.69,-43.57,-45.6,-44.38,-43.79,-47.32,5
-50.65,-46.62,-48.17,-42.68,-42.42,-49.08,5
-45.48,-45.13,-44.01,-47.74,-42.62,-46.05,5
-51.53,-41.23,-45.3,-49.15,-42.42,-54.95,5
-52.04,-37.61,-50.89,-46.02,-44.52,-41.27,5
-54.64,-45.65,-44.65,-36.93,-44.23,-51.19,5
-42.86,-37.72,-47.11,-44.94,-44.07,-47.96,5
-48.15,-38.15,-46.51,-45.73,-39.79,-46.53,5
-47.08,-38.1,-52.48,-42.61,-45.52,-52.18,5
-48.1,-34.97,-54.66,-42.6,-42.0,-47.11,5
-49.48,-46.4,-48.45,-44.77,-50.49,-43.89,5
-46.27,-42.35,-48.46,-39.28,-43.25,-44.76,5
-50.04,-38.56,-48.18,-41.92,-47.73,-46.61,5
-51.64,-44.41,-51.59,-45.7,-37.55,-43.48,5
-43.38,-46.17,-48.93,-46.38,-46.01,-50.23,5
-45.42,-43.69,-45.94,-40.69,-37.01,-51.91,5
-45.37,-39.06,-52.06,-39.48,-42.92,-48.16,5
-50.16,-53.39,-27.61,-47.69,-45.93,-41.11,6
-50.03,-47.99,-37.81,-48.93,-48.18,-38.4,6
-48.22,-50.05,-31.68,-45.48,-51.24,-39.59,6
-44.1,-48.55,-37.88,-46.63,-54.21,-38.6,6
-41.99,-54.08,-36.27,-45.4,-52.91,-40.64,6
-45.9,-53.14,-34.47,-45.45,-47.02,-37.94,6
-48.7,-50.13,-34.13,-46.31,-49.77,-39.28,6
-50.66,-51.34,-36.2,-51.03,-47.5,-38.1,6
-45.34,-52.53,-32.54,-46.03,-46.95,-41.21,6
-47.24,-50.14,-33.74,-53.95,-47.8,-32.1,6
-48.77,-53.42,-32.64,-46.75,-44.7,-42.51,6
-45.49,-49.47,-34.19,-46.67,-45.19,-36.12,6
-51.12,-48.78,-33.96,-47.47,-48.06,-39.19,6
-44.11,-51.49,-37.12,-48.87,-47.74,-35.05,6
-45.88,-53.79,-26.31,-46.89,-44.45,-39.19,6
-46.09,-48.72,-30.11,-44.52,-45.66,-39.68,6
-49.4,-50.24,-30.96,-48.36,-45.08,-34.38,6
-50.44,-53.75,-34.18,-46.76,-49.85,-34.68,6
-46.41,-51.12,-38.07,-51.63,-47.44,-45.13,6
-44.65,-51.71,-24.03,-40.76,-48.82,-39.06,6
-44.7,-46.13,-38.68,-53.05,-50.15,-36.99,6
-46.2,-48.03,-37.36,-54.64,-45.71,-41.22,6
-53.74,-50.8,-31.38,-48.05,-49.65,-39.22,6
-48.8,-55.28,-35.91,-46.12,-47.31,-38.23,6
-50.67,-51.78,-40.29,-47.15,-43.99,-43.16,6
-49.44,-50.25,-30.0,-49.03,-50.36,-44.64,6
-47.38,-45.11,-32.93,-47.75,-47.31,-38.77,6
-50.13,-48.77,-33.09,-47.63,-51.21,-34.83,6
-45.69,-52.9,-30.76,-49.18,-50.63,-41.02,6
-53.0,-49.82,-39.26,-51.37,-54.51,-39.0,6
-48.14,-52.22,-36.89,-51.2,-46.89,-40.39,6
-46.74,-53.89,-33.22,-43.78,-46.52,-39.97,6
-46.92,-51.96,-33.74,-48.66,-48.77,-38.1,6
-50.67,-54.28,-37.93,-52.49,-51.93,-38.26,6
-50.37,-49.7,-33.66,-53.59,-46.32,-36.3,6
-50.67,-49.98,-36.33,-47.39,-52.07,-44.12,6
-48.84,-51.61,-34.96,-51.24,-49.48,-37.93,6
-47.82,-50.69,-35.77,-44.17,-51.81,-37.27,6
-44.14,-49.79,-34.37,-49.27,-45.17,-43.01,6
-50.6,-52.43,-30.05,-46.55,-51.18,-39.67,6
-49.53,-53.37,-30.83,-51.8,-43.45,-36.25,6
-44.41,-52.63,-34.21,-51.99,-49.85,-37.26,6
-43.8,-54.56,-34.86,-48.14,-52.47,-36.96,6
-49.86,-51.82,-35.12,-50.06,-48.3,-39.38,6
-48.8,-53.42,-32.8,-42.73,-47.86,-35.75,6
-51.86,-50.76,-37.05,-52.12,-50.5,-35.16,6
-44.84,-50.51,-38.36,-48.28,-47.37,-38.21,6
-53.22,-53.91,-33.96,-46.08,-54.87,-39.22,6
-47.26,-48.69,-31.68,-45.94,-50.68,-44.46,6
-48.87,-48.23,-29.58,-45.56,-46.99,-37.6,6
-49.36,-51.63,-28.76,-50.51,-43.44,-39.7,6
-43.71,-55.46,-32.01,-49.9,-52.53,-38.08,6
-44.66,-53.77,-38.26,-47.96,-48.54,-37.09,6
-44.84,-51.42,-28.2,-47.01,-49.32,-43.57,6
-48.48,-52.25,-30.88,-46.3,-51.82,-38.22,6
-45.67,-46.65,-31.1,-45.4,-48.1,-37.57,6
-43.94,-55.24,-34.81,-50.0,-47.14,-35.05,6
-49.48,-58.41,-35.0,-44.95,-46.67,-37.45,6
-48.53,-55.07,-32.22,-50.19,-41.73,-37.03,6
-49.43,-53.07,-34.04,-48.41,-44.93,-38.18,6
-49.88,-45.57,-33.61,-45.38,-50.1,-37.65,6
-46.75,-56.91,-27.72,-43.82,-49.47,-42.04,6
-46.64,-50.98,-32.7,-47.11,-46.76,-34.4,6
-45.98,-54.39,-29.68,-42.77,-38.82,-42.11,6
-46.96,-57.48,-32.1,-49.33,-42.51,-41.06,6
-52.75,-52.65,-39.69,-45.43,-54.48,-38.65,6
-53.92,-52.2,-28.83,-46.61,-50.87,-38.83,6
-47.63,-49.82,-37.86,-45.91,-56.39,-40.63,6
-49.15,-49.34,-33.69,-51.9,-51.23,-38.14,6
-47.92,-52.97,-35.21,-45.6,-49.83,-39.0,6
-41.18,-55.51,-39.32,-45.34,-50.32,-39.69,6
-50.03,-52.02,-28.97,-45.28,-45.69,-42.99,6
-51.14,-59.75,-36.19,-44.82,-46.73,-39.4,6
-47.75,-53.3,-33.15,-45.39,-53.13,-37.84,6
-44.89,-52.48,-31.66,-39.24,-48.59,-37.56,6
-49.9,-50.69,-32.38,-47.1,-51.34,-38.12,6
-43.3,-49.89,-30.88,-48.4,-46.03,-37.9,6
-50.54,-50.28,-36.74,-49.59,-47.71,-37.85,6
-51.25,-48.08,-32.05,-49.8,-52.89,-39.17,6
-49.02,-50.9,-34.85,-53.71,-49.45,-39.65,6
-45.79,-53.33,-28.73,-53.42,-44.35,-39.41,6
-45.11,-51.0,-30.34,-48.85,-51.58,-34.48,6
-48.03,-50.57,-30.06,-50.78,-46.49,-40.51,6
-48.08,-51.02,-38.26,-50.02,-44.23,-36.08,6
-47.88,-50.51,-34.65,-43.62,-48.88,-38.04,6
-44.25,-53.57,-29.09,-52.28,-43.39,-39.86,6
-48.42,-56.91,-35.13,-50.81,-50.1,-39.15,6
-44.81,-50.61,-32.84,-50.97,-50.92,-33.34,6
-49.89,-46.27,-34.49,-47.68,-45.07,-34.92,6
-48.02,-52.4,-33.93,-46.67,-45.61,-38.72,6
-45.83,-46.32,-32.62,-46.75,-52.84,-46.63,6
-46.52,-51.52,-35.31,-46.96,-48.46,-35.35,6
-47.43,-53.48,-30.79,-48.34,-46.7,-40.17,6
-49.64,-50.98,-33.72,-46.25,-49.09,-44.25,6
-48.99,-48.86,-34.66,-48.43,-45.32,-40.87,6
-52.32,-51.72,-35.22,-50.59,-48.81,-37.26,6
-47.72,-50.32,-28.32,-48.72,-47.44,-40.26,6
-50.23,-52.99,-35.2,-46.61,-41.23,-40.89,6
-48.94,-51.43,-32.58,-46.9,-44.43,-46.02,6
-54.85,-52.72,-30.47,-52.38,-57.3,-37.02,6
-48.41,-52.41,-45.46,-45.41,-47.14,-45.8,7
-47.66,-57.71,-45.07,-45.88,-48.24,-45.54,7
-46.75,-54.72,-42.36,-40.82,-41.9,-45.37,7
-48.17,-54.56,-49.68,-39.97,-47.49,-40.39,7
-53.26,-47.58,-36.89,-41.24,-46.64,-43.9,7
-53.86,-45.08,-44.33,-40.99,-52.16,-47.46,7
-44.84,-50.19,-38.14,-42.73,-53.0,-41.25,7
-50.91,-47.05,-42.42,-47.13,-46.98,-37.34,7
-47.66,-49.32,-39.27,-41.87,-46.85,-47.2,7
-48.44,-46.04,-45.01,-38.23,-47.75,-46.59,7
-46.15,-50.0,-40.22,-43.38,-47.65,-42.44,7
-48.27,-55.13,-45.86,-39.71,-47.87,-45.5,7
-53.22,-52.38,-48.57,-42.8,-49.27,-46.82,7
-49.35,-48.05,-36.22,-47.04,-44.0,-41.0,7
-51.48,-48.53,-43.87,-41.94,-42.95,-42.11,7
-47.62,-50.43,-46.95,-43.13,-43.85,-48.51,7
-52.31,-48.76,-45.45,-44.88,-48.75,-48.02,7
-52.07,-47.03,-46.42,-47.29,-49.36,-41.73,7
-49.73,-50.54,-42.37,-47.74,-45.99,-42.77,7
-50.37,-46.13,-45.88,-39.12,-47.01,-44.93,7
-49.2,-49.47,-38.84,-45.73,-49.76,-40.82,7
-50.93,-46.44,-37.4,-43.71,-45.43,-47.39,7
-46.88,-48.55,-41.08,-44.44,-52.46,-42.41,7
-55.33,-50.1,-39.68,-41.92,-41.63,-40.85,7
-51.11,-49.06,-42.64,-47.25,-50.3,-45.61,7
-55.25,-49.0,-43.25,-47.52,-46.26,-41.78,7
-48.46,-50.12,-40.73,-40.46,-46.55,-46.4,7
-48.31,-45.56,-44.29,-36.21,-49.05,-43.83,7
-51.16,-48.47,-47.73,-44.14,-50.75,-43.52,7
-46.16,-47.21,-49.61,-36.37,-46.59,-46.25,7
-48.67,-48.61,-44.5,-41.91,-49.3,-45.14,7
-51.2,-53.44,-42.06,-40.74,-45.93,-41.46,7
-48.17,-50.74,-39.98,-46.57,-50.18,-46.82,7
-45.9,-46.32,-41.04,-39.28,-50.11,-42.88,7
-49.52,-46.6,-42.85,-43.65,-45.85,-41.3,7
-51.15,-49.33,-45.68,-49.99,-46.87,-42.1,7
-48.36,-54.99,-43.55,-49.16,-43.37,-47.18,7
-45.38,-46.31,-45.2,-45.9,-46.42,-46.46,7
-48.84,-50.59,-47.84,-49.19,-46.79,-45.61,7
-50.8,-47.06,-38.98,-43.32,-48.5,-42.42,7
-53.21,-48.47,-40.84,-40.46,-53.28,-46.21,7
-51.78,-48.84,-41.06,-38.01,-48.96,-45.42,7
-45.69,-48.25,-38.7,-41.63,-50.95,-47.92,7
-53.8,-47.16,-38.93,-36.95,-44.94,-40.44,7
-50.88,-52.61,-39.95,-41.25,-47.15,-42.76,7
-48.17,-45.29,-38.62,-40.87,-44.94,-42.38,7
-50.53,-46.87,-46.68,-39.34,-51.06,-43.07,7
-51.68,-47.48,-42.6,-47.28,-46.21,-45.66,7
-46.5,-49.14,-41.31,-45.37,-49.24,-45.3,7
-46.57,-44.11,-44.92,-39.27,-53.98,-47.51,7
-52.02,-53.2,-47.25,-41.26,-48.12,-42.79,7
-47.07,-48.35,-40.53,-42.71,-51.04,-40.75,7
-50.91,-51.95,-43.03,-45.24,-48.73,-42.89,7
-48.1,-51.84,-43.96,-39.28,-45.99,-37.7,7
-45.6,-45.71,-46.66,-40.21,-47.63,-45.58,7
-48.64,-46.31,-41.0,-45.14,-45.25,-45.84,7
-48.49,-50.05,-43.16,-40.2,-50.59,-38.09,7
-54.61,-50.94,-41.39,-40.75,-47.78,-44.1,7
-47.91,-49.84,-38.32,-39.98,-44.86,-46.82,7
-49.38,-50.04,-45.52,-41.42,-49.09,-41.96,7
-52.35,-43.99,-45.19,-41.84,-45.1,-45.64,7
-46.59,-52.83,-38.14,-42.46,-49.26,-44.82,7
-46.72,-50.9,-44.75,-43.16,-51.01,-38.46,7
-50.84,-46.65,-41.87,-45.45,-47.49,-41.57,7
-49.71,-45.56,-39.44,-39.74,-48.85,-47.16,7
-50.98,-48.55,-40.86,-49.01,-47.5,-43.45,7
-49.98,-45.27,-41.23,-38.57,-48.12,-41.11,7
-44.24,-45.21,-45.78,-43.26,-48.51,-42.46,7
-47.08,-51.66,-42.3,-48.56,-43.15,-45.46,7
-48.98,-50.07,-39.06,-51.01,-47.52,-44.24,7
-50.5,-43.96,-45.16,-40.18,-46.41,-40.14,7
-51.15,-51.34,-39.21,-41.22,-52.11,-45.54,7
-47.98,-46.63,-44.54,-51.24,-45.9,-47.59,7
-55.2,-57.64,-40.06,-42.11,-48.15,-39.76,7
-47.23,-44.29,-46.68,-42.6,-52.32,-44.61,7
-49.89,-47.26,-42.36,-40.63,-45.36,-37.46,7
-50.09,-51.97,-41.76,-44.91,-43.03,-44.77,7
-50.84,-50.56,-40.34,-42.97,-49.4,-38.93,7
-51.71,-49.04,-40.54,-47.39,-46.03,-47.09,7
-46.68,-52.03,-40.42,-39.18,-44.89,-43.17,7
-49.84,-50.87,-38.09,-44.6,-50.59,-41.93,7
-51.53,-51.99,-46.83,-43.95,-47.72,-43.2,7
-46.29,-47.56,-43.07,-43.09,-45.94,-40.11,7
-48.76,-50.55,-45.48,-46.84,-45.48,-42.19,7
-47.41,-49.53,-38.28,-43.95,-44.61,-44.04,7
-50.97,-47.37,-41.27,-41.43,-47.23,-44.04,7
-41.98,-45.59,-40.33,-42.16,-44.45,-42.37,7
-49.06,-50.05,-42.74,-52.01,-46.84,-45.39,7
-44.37,-49.09,-46.07,-42.65,-50.61,-42.5,7
-48.27,-46.27,-44.87,-42.4,-51.57,-41.82,7
-47.59,-47.66,-42.5,-41.26,-42.66,-44.78,7
-48.73,-52.4,-45.1,-42.21,-44.16,-44.69,7
-49.85,-50.36,-44.1,-41.62,-51.97,-40.08,7
-51.14,-46.98,-46.31,-40.49,-45.46,-42.77,7
-52.13,-48.39,-46.05,-43.26,-44.39,-41.53,7
-49.1,-52.07,-40.56,-42.44,-54.44,-41.58,7
-49.22,-45.54,-45.79,-52.03,-46.64,-43.05,7
-54.22,-52.08,-34.23,-43.42,-45.28,-45.88,7
-55.41,-49.65,-43.3,-43.7,-47.82,-43.13,7
-49.59,-52.94,-41.04,-48.35,-53.63,-41.71,7
-49.72,-47.86,-51.87,-35.89,-49.07,-53.07,8
-53.45,-45.73,-43.41,-35.02,-46.01,-54.02,8
-49.26,-50.1,-46.77,-34.51,-44.32,-50.9,8
-49.35,-48.53,-48.16,-34.31,-50.82,-48.32,8
-51.43,-46.96,-47.43,-31.37,-45.51,-51.43,8
-48.63,-51.25,-45.92,-31.9,-54.01,-48.0,8
-52.64,-49.96,-43.63,-35.72,-50.7,-48.05,8
-49.18,-48.11,-44.19,-32.17,-54.81,-49.87,8
-52.92,-46.25,-55.56,-26.12,-46.69,-47.83,8
-47.69,-40.66,-45.07,-30.92,-47.89,-48.7,8
-52.66,-50.17,-49.75,-37.81,-48.51,-53.33,8
-50.66,-47.8,-47.25,-35.33,-39.05,-44.2,8
-54.97,-46.99,-49.51,-36.81,-52.3,-46.98,8
-53.28,-44.78,-44.71,-29.64,-50.84,-46.85,8
-49.34,-49.11,-50.0,-28.93,-47.6,-46.37,8
-53.7,-51.35,-49.4,-34.13,-51.47,-48.31,8
-56.3,-51.05,-45.67,-31.95,-49.46,-51.33,8
-54.32,-48.81,-45.75,-30.98,-49.77,-51.74,8
-50.43,-50.16,-49.24,-29.79,-45.8,-47.81,8
-55.05,-47.05,-44.5,-34.89,-44.23,-44.4,8
-46.25,-46.77,-45.92,-29.52,-46.94,-49.78,8
-52.58,-46.97,-51.56,-34.19,-44.99,-54.85,8
-46.63,-44.32,-49.07,-32.13,-48.27,-44.59,8
-48.29,-51.89,-45.93,-34.38,-48.03,-50.46,8
-45.99,-44.57,-49.91,-37.77,-49.44,-46.98,8
-50.52,-43.93,-45.32,-30.85,-47.3,-52.45,8
-51.82,-44.51,-47.84,-32.25,-49.24,-51.37,8
-51.61,-46.76,-49.65,-34.47,-51.1,-44.92,8
-52.12,-43.33,-43.1,-34.01,-51.31,-54.54,8
-55.65,-51.81,-43.55,-33.42,-47.11,-54.94,8
-54.83,-45.03,-46.83,-34.2,-46.59,-43.37,8
-51.9,-47.48,-47.11,-26.59,-54.58,-46.23,8
-51.58,-45.99,-49.66,-33.91,-46.15,-38.94,8
-48.81,-50.23,-48.96,-35.12,-53.67,-49.27,8
-49.04,-51.51,-44.54,-32.3,-50.48,-48.7,8
-46.44,-45.49,-47.66,-34.48,-48.05,-49.82,8
-57.55,-41.56,-47.22,-32.57,-48.45,-50.49,8
-51.79,-52.49,-40.86,-37.47,-51.38,-49.6,8
-47.37,-47.64,-51.4,-30.0,-46.09,-46.66,8
-49.09,-40.5,-41.13,-35.82,-43.41,-47.13,8
-49.74,-52.76,-48.2,-36.2,-45.8,-45.07,8
-57.46,-47.75,-44.32,-34.32,-46.09,-47.23,8
-50.21,-48.5,-51.34,-37.13,-46.15,-48.22,8
-51.65,-48.96,-48.6,-30.62,-49.29,-52.3,8
-49.01,-48.3,-47.59,-28.94,-48.34,-47.41,8
-54.77,-48.35,-45.86,-38.43,-47.68,-47.98,8
-51.11,-44.58,-46.68,-29.33,-51.26,-47.87,8
-50.98,-50.89,-44.82,-26.79,-48.33,-46.76,8
-50.98,-49.83,-53.15,-35.88,-52.46,-43.17,8
-51.58,-48.72,-45.02,-37.13,-50.58,-48.08,8
-48.15,-46.18,-46.94,-33.53,-47.08,-47.68,8
-54.33,-47.55,-50.91,-33.52,-49.72,-40.66,8
-51.36,-51.9,-48.09,-32.2,-43.26,-50.05,8
-55.98,-45.24,-51.83,-35.07,-49.05,-48.49,8
-49.17,-49.74,-48.51,-33.81,-47.83,-47.99,8
-49.93,-45.16,-46.51,-32.4,-53.03,-48.13,8
-49.8,-45.5,-49.76,-35.74,-50.0,-46.67,8
-48.14,-48.91,-44.96,-33.39,-48.65,-48.91,8
-49.0,-46.71,-40.86,-36.32,-46.73,-49.87,8
-53.84,-47.72,-47.28,-25.01,-48.83,-51.67,8
-50.42,-53.91,-47.96,-33.71,-45.9,-45.36,8
-52.75,-48.14,-49.99,-37.15,-47.35,-52.1,8
-52.48,-50.67,-46.04,-28.36,-52.18,-53.84,8
-51.61,-47.64,-47.03,-35.1,-48.88,-47.18,8
-48.12,-53.55,-48.79,-33.12,-51.03,-43.09,8
-53.14,-47.81,-46.02,-35.54,-53.82,-49.57,8
-48.15,-48.7,-50.23,-30.99,-49.27,-49.81,8
-50.79,-45.37,-40.54,-31.28,-44.8,-49.8,8
-54.31,-47.5,-47.37,-37.0,-48.81,-47.08,8
-50.16,-46.17,-46.81,-35.28,-49.82,-51.88,8
-45.88,-47.65,-48.36,-36.55,-39.47,-51.5,8
-52.52,-46.44,-45.89,-30.89,-42.86,-46.76,8
-54.41,-48.46,-46.76,-27.56,-52.47,-44.67,8
-50.7,-45.17,-47.99,-36.29,-46.03,-46.32,8
-48.32,-47.73,-49.49,-38.44,-45.82,-47.01,8
-54.13,-49.3,-49.09,-38.21,-50.73,-51.68,8
-52.47,-49.9,-52.57,-27.7,-44.52,-50.62,8
-50.42,-46.43,-44.11,-36.22,-45.0,-49.92,8
-55.24,-45.51,-43.81,-26.0,-51.88,-46.18,8
-52.47,-45.34,-52.1,-37.55,-50.61,-48.04,8
-53.16,-45.71,-44.61,-31.96,-43.42,-47.03,8
-54.89,-43.6,-49.5,-31.03,-43.56,-46.91,8
-55.73,-50.44,-43.72,-34.27,-48.04,-46.0,8
-49.15,-46.85,-48.31,-34.7,-45.71,-46.62,8
-52.01,-44.44,-48.07,-36.32,-50.56,-51.22,8
-52.05,-43.99,-50.1,-33.2,-50.25,-49.06,8
-55.77,-48.35,-48.27,-32.14,-47.61,-51.88,8
-47.98,-47.06,-47.09,-33.79,-49.83,-47.63,8
-49.81,-52.93,-49.3,-34.53,-47.51,-44.7,8
-53.55,-49.18,-49.22,-36.17,-49.32,-45.97,8
-54.4,-46.4,-52.79,-35.45,-49.27,-43.26,8
-52.06,-54.29,-53.68,-33.66,-46.44,-47.15,8
-50.73,-44.2,-49.31,-31.08,-53.18,-50.99,8
-56.66,-48.51,-47.83,-33.42,-48.09,-51.06,8
-51.81,-52.18,-43.6,-34.67,-49.75,-43.51,8
-54.96,-51.06,-50.98,-33.97,-46.99,-46.06,8
-43.52,-54.44,-45.86,-35.43,-50.04,-50.14,8
-53.96,-42.63,-45.16,-33.69,-44.23,-52.82,8
-55.23,-54.22,-49.79,-33.28,-47.97,-47.83,8
-55.47,-45.28,-46.97,-31.56,-53.96,-47.35,8
